epoch,train_loss,val_loss,stage_sil,patient_sil_W,patient_sil_N1,patient_sil_N2,patient_sil_N3,patient_sil_R,avg_patient_sil,lr
1,3.4336643347373377,3.426693695400833,-0.1055697351694107,-0.15510262548923492,-0.008050003089010715,-0.11100313812494278,-0.07807658612728119,-0.008382732048630714,-0.07212301697582006,0.001
2,3.4315819231363442,3.426690252549058,-0.10491621494293213,-0.1559906303882599,-0.008759879507124424,-0.11112027615308762,-0.07732903957366943,-0.010053076781332493,-0.07265058048069477,0.001
3,3.431467060859387,3.426520682256156,-0.10522068291902542,-0.1565617322921753,-0.002991921966895461,-0.1034085676074028,-0.07381180673837662,-0.0055402121506631374,-0.06846284815110266,0.001
4,3.431423305089657,3.4262342409256403,-0.07092659920454025,-0.20497792959213257,-0.0452449768781662,-0.10297013074159622,-0.060736075043678284,-0.04664565995335579,-0.09211495444178582,0.001
5,3.431316099717067,3.425892608975052,-0.05975528806447983,-0.13357070088386536,-0.022671636193990707,-0.0629015639424324,-0.062307208776474,-0.017013151198625565,-0.059692852199077606,0.001
6,3.431253977922293,3.423572636525565,-0.0695975199341774,-0.07008717209100723,0.04207666963338852,-0.06866443902254105,-0.055497486144304276,0.03410324826836586,-0.023613835871219634,0.001
7,3.4314052558862245,3.4258653680118947,-0.08348717540502548,-0.04747816547751427,0.005110596306622028,-0.05053210258483887,-0.04974658414721489,0.004339866805821657,-0.027661277819424866,0.001
8,3.4313199501771194,3.4252071861827047,-0.047255948185920715,-0.107481449842453,-0.01064259558916092,-0.08232264220714569,-0.06841982156038284,-0.046294089406728745,-0.06303211972117424,0.001
9,3.4313001059568844,3.425939223088256,-0.06475620716810226,-0.06412027776241302,-0.003928482998162508,-0.07359714806079865,-0.07220704108476639,-0.024649320170283318,-0.04770045401528478,0.001
