epoch,train_loss,val_loss,stage_sil,patient_sil_W,patient_sil_N1,patient_sil_N2,patient_sil_N3,patient_sil_R,avg_patient_sil,lr
1,3.4319506140855642,3.426625376447625,-0.06606651842594147,-0.15420955419540405,-0.05015391483902931,-0.1224556416273117,-0.08439714461565018,-0.09662312269210815,-0.10156787559390068,0.01
2,3.431454266493137,3.426689703530128,-0.11540573090314865,-0.14322510361671448,0.011821520514786243,-0.056806810200214386,-0.05890783667564392,0.022214582189917564,-0.0449807295575738,0.01
3,3.4314230630030997,3.426688176776291,-0.10364077240228653,-0.15591581165790558,-0.04320130869746208,-0.10817807167768478,-0.06737589091062546,-0.04981306940317154,-0.08489683046936988,0.01
4,3.431384314482029,3.426693758833299,-0.11032906919717789,-0.21624118089675903,-0.04593515768647194,-0.14572885632514954,-0.0827043280005455,-0.06762665510177612,-0.11164723560214043,0.01
5,3.431403603003575,3.426693726023403,-0.1608533263206482,-0.3217182755470276,-0.23256176710128784,-0.15406453609466553,-0.32528913021087646,-0.2893846035003662,-0.2646036624908447,0.01
