epoch,train_loss,val_loss,stage_sil,patient_sil_W,patient_sil_N1,patient_sil_N2,patient_sil_N3,patient_sil_R,avg_patient_sil,lr
1,3.431854791366137,3.426664564587654,-0.06828736513853073,-0.17149633169174194,-0.06296425312757492,-0.06735952198505402,-0.062087468802928925,-0.046539198607206345,-0.08208935484290122,0.01
2,3.431408206316141,3.4266826909616452,-0.07808566093444824,-0.10351140052080154,-0.021534472703933716,-0.041974615305662155,-0.05368774011731148,0.015540597029030323,-0.04103352632373571,0.01
3,3.4314476682589605,3.426677297014709,-0.07571128755807877,-0.16671445965766907,-0.04173226282000542,-0.09593970328569412,-0.10795678198337555,-0.0421590693295002,-0.09090045541524887,0.01
4,3.4313834387522477,3.426693723836076,-0.08187924325466156,-0.09518426656723022,-0.04977826401591301,-0.07033801078796387,-0.07054851204156876,-0.05366062745451927,-0.06790193617343902,0.01
5,3.4313817276404452,3.426694139428095,-0.21476565301418304,-0.12385774403810501,-0.026837309822440147,-0.11988160014152527,-0.18278688192367554,-0.033444616943597794,-0.09736163057386875,0.01
