epoch,train_loss,val_loss,stage_sil,patient_sil_W,patient_sil_N1,patient_sil_N2,patient_sil_N3,patient_sil_R,avg_patient_sil,lr
1,3.431608809874608,3.4266912302839647,-0.05472905933856964,-0.08614059537649155,-0.048780519515275955,-0.06498056650161743,-0.08796988427639008,-0.08083182573318481,-0.07374067828059197,0.01
2,3.431377558066295,3.4266938047671536,-0.05356301739811897,-0.060814954340457916,-0.06997045129537582,-0.0765993669629097,-0.11127254366874695,-0.08000219613313675,-0.07973190248012543,0.01
3,3.431381987608396,3.4266937085247915,-0.052434708923101425,-0.05891457572579384,-0.0762181356549263,-0.08057999610900879,-0.11338378489017487,-0.08829143643379211,-0.08347758576273918,0.01
4,3.4313817276404452,3.426693734772708,-0.052643608301877975,-0.05812818184494972,-0.07533662766218185,-0.07899737358093262,-0.11271986365318298,-0.09383559972047806,-0.08380352929234505,0.01
