epoch,train_loss,val_loss,stage_sil,patient_sil_W,patient_sil_N1,patient_sil_N2,patient_sil_N3,patient_sil_R,avg_patient_sil,lr
1,3.432081642976174,3.4266934722935387,-0.056836143136024475,-0.0705157071352005,-0.04350116103887558,-0.0759303867816925,-0.08201812207698822,-0.06036723405122757,-0.06646652221679687,0.001
2,3.4316054380857026,3.426691914917132,-0.05674834921956062,-0.07057628035545349,-0.04356104135513306,-0.07571031898260117,-0.08262182027101517,-0.06071612238883972,-0.06663711667060852,0.001
3,3.4314813820215373,3.4266543519606283,-0.04031261429190636,-0.059044212102890015,-0.02215675823390484,-0.05214044451713562,-0.04183247685432434,-0.04062806814908981,-0.043160391971468925,0.001
4,3.4314048065589025,3.426648968950324,-0.047389063984155655,-0.07021276652812958,-0.03583385795354843,-0.06633515655994415,-0.0735388994216919,-0.049921851605176926,-0.059168506413698196,0.001
5,3.4313704137618726,3.426472202353521,-0.03636922314763069,-0.05793188139796257,-0.025669988244771957,-0.06962733715772629,-0.029680456966161728,-0.04799089580774307,-0.046180111914873125,0.001
6,3.4313847083311813,3.4266069569718947,-0.04239390045404434,-0.05950089171528816,-0.029254581779241562,-0.07995539158582687,-0.042263999581336975,-0.04891069978475571,-0.051977112889289856,0.001
