epoch,train_loss,val_loss,stage_sil,patient_sil_W,patient_sil_N1,patient_sil_N2,patient_sil_N3,patient_sil_R,avg_patient_sil,lr
1,3.4316776050971103,3.4266936450923255,-0.04229401797056198,-0.05026807636022568,-0.05742104724049568,-0.0457550548017025,-0.08108128607273102,-0.054615318775177,-0.057828156650066374,0.01
2,3.4314165266660543,3.4266937982051746,-0.04061105474829674,-0.050434596836566925,-0.04236946627497673,-0.05209152027964592,-0.05979117751121521,-0.04765899479389191,-0.05046915113925934,0.01
3,3.431402731858767,3.4266937194614235,-0.054670318961143494,-0.07087774574756622,-0.035616837441921234,-0.06909209489822388,-0.08569778501987457,-0.056254222989082336,-0.06350773721933364,0.01
4,3.431381983481921,3.426693715086771,-0.05343860015273094,-0.0749748945236206,-0.04783349111676216,-0.0677199512720108,-0.10556633770465851,-0.0744236558675766,-0.07410366609692573,0.01
5,3.4313817354348988,3.426694139428095,-5.58072272838217e-08,0.0,0.0,-2.5783142731938824e-08,0.0,0.0,-2.5783142731938824e-08,0.01
6,3.4313817689051995,3.426694139428095,0.0,0.0,0.0,0.0,0.0,0.0,0.0,0.01
7,3.431382070137904,3.426694139428095,0.0,0.0,0.0,0.0,0.0,0.0,0.0,0.01
8,3.431382163671347,3.426694139428095,0.0,0.0,0.0,0.0,0.0,0.0,0.0,0.01
9,3.4313821540429044,3.426694139428095,0.0,0.0,0.0,0.0,0.0,0.0,0.0,0.01
