epoch,train_loss,val_loss,stage_sil,patient_sil_W,patient_sil_N1,patient_sil_N2,patient_sil_N3,patient_sil_R,avg_patient_sil,lr
1,3.4317421115361726,3.4266556052986634,-0.04770573973655701,-0.06340426951646805,-0.03610816225409508,-0.06845464557409286,-0.08518314361572266,-0.04761385917663574,-0.060152816027402876,0.01
2,3.431416276326546,3.4266862431797414,-0.052105989307165146,-0.07125581055879593,-0.029486164450645447,-0.07657723873853683,-0.06251147389411926,-0.047969307750463486,-0.05755999907851219,0.01
3,3.4314035626558157,3.4266937085247915,-0.050430092960596085,-0.07110898941755295,-0.036957260221242905,-0.066671222448349,-0.061945170164108276,-0.06022562459111214,-0.05938165336847305,0.01
4,3.431381880778533,3.426693717274097,-0.05165928229689598,-0.06412152200937271,-0.04668962210416794,-0.07647870481014252,-0.05400581285357475,-0.053509972989559174,-0.05896112695336342,0.01
5,3.4313817280989425,3.426694139428095,-5.58072272838217e-08,0.0,0.0,-2.5783142731938824e-08,0.0,0.0,-2.5783142731938824e-08,0.01
6,3.4313817771581503,3.426694139428095,0.0,0.0,0.0,0.0,0.0,0.0,0.0,0.01
7,3.4313820426280683,3.426694139428095,-5.58072272838217e-08,0.0,0.0,-2.5783142731938824e-08,0.0,0.0,-2.5783142731938824e-08,0.01
8,3.4313821421219752,3.426694139428095,0.0,0.0,0.0,0.0,0.0,0.0,0.0,0.01
9,3.431382165505336,3.426694139428095,0.0,0.0,0.0,0.0,0.0,0.0,0.0,0.01
