epoch,train_loss,val_loss,stage_sil,patient_sil_W,patient_sil_N1,patient_sil_N2,patient_sil_N3,patient_sil_R,avg_patient_sil,lr
1,3.4318914046654334,3.4266931463819033,-0.056723471730947495,-0.07079615443944931,-0.04334336146712303,-0.07580068707466125,-0.08239586651325226,-0.06061510741710663,-0.0665902353823185,0.001
2,3.4314330669549795,3.426684904535976,-0.05656488984823227,-0.07110690325498581,-0.04228566214442253,-0.0754099115729332,-0.08099739253520966,-0.06042472645640373,-0.06604491919279099,0.001
3,3.431412167274035,3.4265130987954797,-0.046560030430555344,-0.06589449942111969,-0.031738538295030594,-0.0527249276638031,-0.06346066296100616,-0.05263771861791611,-0.05329126939177513,0.001
4,3.431389534473419,3.426238528085411,-0.03829967603087425,-0.07439886033535004,-0.030743839219212532,-0.04553645849227905,-0.05528298020362854,-0.038332488387823105,-0.048858925327658655,0.001
5,3.431440495986205,3.4266102248375567,-0.025633256882429123,-0.05804789438843727,-0.018997101113200188,-0.04938766732811928,-0.04784175008535385,-0.025262078270316124,-0.039907298237085345,0.001
6,3.4313597032657035,3.4266354272124966,-0.039829835295677185,-0.05649447813630104,-0.024673854932188988,-0.0625675618648529,-0.030128875747323036,-0.04714738577604294,-0.044202431291341784,0.001
7,3.4314035507348866,3.4266821003835135,-0.03656436502933502,-0.05981077626347542,-0.022348487749695778,-0.061456888914108276,-0.05996627360582352,-0.04734528064727783,-0.05018554143607616,0.001
8,3.4313958525657653,3.426691020300629,-0.03169094771146774,-0.048328910022974014,-0.03412647917866707,-0.05035001039505005,-0.06434671580791473,-0.028172610327601433,-0.04506494514644146,0.001
