epoch,train_loss,val_loss,stage_sil,patient_sil_W,patient_sil_N1,patient_sil_N2,patient_sil_N3,patient_sil_R,avg_patient_sil,lr
1,3.4316008256031916,3.426693778519237,-0.02793354168534279,-0.09265433996915817,-0.05735856667160988,-0.057966746389865875,-0.09583980590105057,-0.08033102750778198,-0.07683009728789329,0.01
2,3.4313822989280407,3.426694080370282,-0.06894032657146454,-0.08871673792600632,-0.05821225047111511,-0.09303969889879227,-0.08542364835739136,-0.090790294110775,-0.08323652595281601,0.01
3,3.4313818885729863,3.426694139428095,0.0,0.0,0.0,0.0,0.0,0.0,0.0,0.01
4,3.4313821517504177,3.426694139428095,0.0,0.0,0.0,0.0,0.0,0.0,0.0,0.01
5,3.4313821604618657,3.426694139428095,-5.58072272838217e-08,0.0,0.0,-2.5783142731938824e-08,0.0,0.0,-2.5783142731938824e-08,0.01
6,3.4313821632128496,3.426694139428095,0.0,0.0,0.0,0.0,0.0,0.0,0.0,0.01
