epoch,train_loss,val_loss,stage_sil,patient_sil_W,patient_sil_N1,patient_sil_N2,patient_sil_N3,patient_sil_R,avg_patient_sil,lr
1,3.4315731172378245,3.4266807311171785,-0.05883283540606499,-0.09189487248659134,0.015796083956956863,-0.04802169278264046,-0.03791673108935356,0.04313710331916809,-0.02378002181649208,0.01
2,3.431390615609976,3.426693743522014,-0.12207835167646408,-0.17330436408519745,-0.07933060824871063,-0.10818876326084137,-0.0671708881855011,-0.09145505726337433,-0.10388993620872497,0.01
3,3.431381793664052,3.426693706337465,-0.09429721534252167,-0.1695682257413864,-0.011945050209760666,-0.12009383738040924,-0.07027724385261536,-0.012284303084015846,-0.0768337320536375,0.01
4,3.431381731766921,3.4266940738083025,-0.09701461344957352,-0.22277386486530304,-0.19744530320167542,-0.12115892022848129,-0.1587761640548706,-0.2023443728685379,-0.18049972504377365,0.01
