epoch,train_loss,val_loss,stage_sil,patient_sil_W,patient_sil_N1,patient_sil_N2,patient_sil_N3,patient_sil_R,avg_patient_sil,lr
1,3.4314461011153,3.4266928357815525,-0.05664850398898125,-0.07084667682647705,-0.04346130043268204,-0.07564213871955872,-0.08284556120634079,-0.06090535968542099,-0.06674020737409592,0.001
2,3.4314747704909396,3.4266810001583274,-0.0571279302239418,-0.07174719870090485,-0.04163052886724472,-0.07554539293050766,-0.08055562525987625,-0.06155596300959587,-0.06620694175362588,0.001
3,3.4314031610122093,3.4263409365207775,-0.05062765255570412,-0.0754721462726593,-0.035806480795145035,-0.04589623957872391,-0.059151794761419296,-0.05777600780129433,-0.05482053384184837,0.001
4,3.431362714217259,3.426679692137132,-0.050178173929452896,-0.07342299818992615,-0.030203694477677345,-0.07416249066591263,-0.046356480568647385,-0.0481182336807251,-0.05445277951657772,0.001
5,3.4313349219468923,3.4266505481999947,-0.03883910924196243,-0.07052973657846451,-0.02588936686515808,-0.06973475962877274,-0.03150350600481033,-0.047065410763025284,-0.048944555968046186,0.001
6,3.4313889388854686,3.426677069532762,-0.041786905378103256,-0.06459282338619232,-0.028283938765525818,-0.07746686786413193,-0.03720306232571602,-0.04998113587498665,-0.05150556564331055,0.001
7,3.4313540206505704,3.4263850067733626,-0.05812067911028862,-0.094539575278759,-0.05066598579287529,-0.054163429886102676,-0.07366205006837845,-0.0817779153585434,-0.07096179127693177,0.001
8,3.4313952170885527,3.42668997038395,-0.06399042159318924,-0.10770530998706818,-0.07152023911476135,-0.058614179491996765,-0.08981695026159286,-0.1118965893983841,-0.08791065365076065,0.001
