epoch,train_loss,val_loss,stage_sil,patient_sil_W,patient_sil_N1,patient_sil_N2,patient_sil_N3,patient_sil_R,avg_patient_sil,lr
1,3.432451566366049,3.4266901934912446,-0.10441344231367111,-0.15658025443553925,-0.008885812014341354,-0.11145253479480743,-0.07634744793176651,-0.010064797475934029,-0.07266616933047772,0.001
2,3.4314255925325248,3.4266602905518417,-0.1032346785068512,-0.1579960584640503,-0.0070623052306473255,-0.11244931071996689,-0.07399274408817291,-0.006860953755676746,-0.07167227445170284,0.001
3,3.431245298569019,3.4255864226489985,-0.07085816562175751,-0.08112768828868866,0.028283441439270973,-0.05001134052872658,-0.05009063333272934,0.028036024421453476,-0.024982039257884024,0.001
4,3.431335480396564,3.4254349502948447,-0.07375060021877289,-0.07121840119361877,0.038029834628105164,-0.05479501932859421,-0.0502946600317955,0.032468441873788834,-0.021161960810422896,0.001
5,3.431312367090812,3.4252619196515566,-0.06845270097255707,-0.0831727609038353,0.037687331438064575,-0.06657825410366058,-0.06371963769197464,0.008213620632886887,-0.033513940125703814,0.001
6,3.4313766598701476,3.424938678741455,-0.05687177553772926,-0.0953315943479538,0.031317755579948425,-0.08060416579246521,-0.06035485863685608,-0.0002778068301267922,-0.04105013400549069,0.001
7,3.4313108132435723,3.425830646392402,-0.07903553545475006,-0.05825002118945122,0.02523515187203884,-0.059407033026218414,-0.059254519641399384,0.014698926359415054,-0.027395499125123023,0.001
