epoch,train_loss,val_loss,stage_sil,patient_sil_W,patient_sil_N1,patient_sil_N2,patient_sil_N3,patient_sil_R,avg_patient_sil,lr
1,3.431800799186413,3.426674359435335,-0.12146627902984619,-0.06268366426229477,0.013600209727883339,-0.056564811617136,-0.06949770450592041,0.03393801301717758,-0.028241591528058052,0.01
2,3.4314104900910305,3.4266937500839934,-0.10024704039096832,-0.14430366456508636,0.00252131256274879,-0.0707421749830246,-0.0625026747584343,0.029851606115698814,-0.04903511912561953,0.01
3,3.4313831897882316,3.426693712899444,-0.10486102849245071,-0.14017625153064728,0.011942126788198948,-0.1143510565161705,-0.07475455850362778,0.024790195748209953,-0.058509908802807334,0.01
4,3.4313817244309646,3.4266938200784387,-0.10005401074886322,-0.13574965298175812,0.0008152615046128631,-0.10007642209529877,-0.08880091458559036,0.005801946856081486,-0.06360195626039059,0.01
