epoch,train_loss,val_loss,stage_sil,patient_sil_W,patient_sil_N1,patient_sil_N2,patient_sil_N3,patient_sil_R,avg_patient_sil,lr
1,3.4315807067430937,3.4266875162037143,-0.0996791198849678,-0.10098930448293686,-0.00949186272919178,-0.07127287983894348,-0.10202544182538986,0.015780476853251457,-0.053599802404642106,0.01
2,3.4313939365056845,3.426693706337465,-0.08041050285100937,-0.09578784555196762,-0.023609522730112076,-0.04539372771978378,-0.05063564330339432,-0.009255757555365562,-0.04493649937212467,0.01
3,3.4313817501068113,3.426694113180178,-0.04607933759689331,-0.12355011701583862,-0.11317995190620422,-0.09389887005090714,-0.10049375146627426,-0.12240806221961975,-0.1107061505317688,0.01
4,3.4313820738058824,3.426694139428095,0.0,0.0,0.0,0.0,0.0,0.0,0.0,0.01
5,3.4313821604618657,3.426694139428095,0.0,0.0,0.0,0.0,0.0,0.0,0.0,0.01
6,3.4313821632128496,3.426694139428095,-5.58072272838217e-08,0.0,0.0,-2.5783142731938824e-08,0.0,0.0,-2.5783142731938824e-08,0.01
7,3.431382155418396,3.426694139428095,0.0,0.0,0.0,0.0,0.0,0.0,0.0,0.01
