epoch,train_loss,val_loss,stage_sil,patient_sil_W,patient_sil_N1,patient_sil_N2,patient_sil_N3,patient_sil_R,avg_patient_sil,lr
1,3.4317165140922254,3.426691838360708,-0.07417578995227814,-0.06148134917020798,-0.003889690851792693,-0.045959632843732834,-0.04787342995405197,0.0006725090788677335,-0.03170631874818355,0.01
2,3.4314150548898255,3.426692907963324,-0.10656483471393585,-0.13456539809703827,-0.024392878636717796,-0.08986064046621323,-0.10780773311853409,0.002354654250666499,-0.07085439921356737,0.01
3,3.4313831008397617,3.4266937194614235,-0.08046369254589081,-0.18755558133125305,-0.022927265614271164,-0.11180815100669861,-0.089195616543293,-0.028185397386550903,-0.08793440237641334,0.01
4,3.431381737268888,3.426694139428095,-0.01925630308687687,-0.026577366515994072,-0.03561202064156532,-0.022772066295146942,-0.013257930055260658,-0.022856948897242546,-0.024215266481041907,0.01
5,3.4313817533162925,3.426694139428095,0.0,0.0,0.0,0.0,0.0,0.0,0.0,0.01
6,3.4313821026912104,3.426694139428095,0.0,0.0,0.0,0.0,0.0,0.0,0.0,0.01
7,3.4313821609203634,3.426694139428095,0.0,0.0,0.0,0.0,0.0,0.0,0.0,0.01
8,3.431382153584407,3.426694139428095,0.0,0.0,0.0,0.0,0.0,0.0,0.0,0.01
