epoch,train_loss,val_loss,stage_sil,patient_sil_W,patient_sil_N1,patient_sil_N2,patient_sil_N3,patient_sil_R,avg_patient_sil,lr
1,3.4314478704562554,3.426693701962812,-0.04432114213705063,-0.08567605912685394,-0.06451278924942017,-0.05894334614276886,-0.08256194740533829,-0.08051489293575287,-0.07444180697202682,0.01
2,3.431381893157959,3.426693715086771,-0.052331674844026566,-0.07407107204198837,-0.04887447878718376,-0.06992681324481964,-0.10466597974300385,-0.07501521706581116,-0.07451071217656136,0.01
3,3.4313818546441883,3.426694139428095,0.0,0.0,0.0,0.0,0.0,0.0,0.0,0.01
4,3.4313821668808275,3.426694139428095,0.0,0.0,0.0,0.0,0.0,0.0,0.0,0.01
5,3.431382159086374,3.426694139428095,-5.58072272838217e-08,0.0,0.0,-2.5783142731938824e-08,0.0,0.0,-2.5783142731938824e-08,0.01
6,3.43138214808244,3.426694139428095,-5.58072272838217e-08,0.0,0.0,-2.5783142731938824e-08,0.0,0.0,-2.5783142731938824e-08,0.01
