epoch,train_loss,val_loss,stage_sil,patient_sil_W,patient_sil_N1,patient_sil_N2,patient_sil_N3,patient_sil_R,avg_patient_sil,lr
1,3.4315770713182596,3.4266879142971214,-0.06442561745643616,-0.11412999033927917,0.029879366979002953,-0.051013194024562836,-0.04509788751602173,0.05797267705202103,-0.024477805569767953,0.01
2,3.4313974485947534,3.426693706337465,-0.11340238153934479,-0.16507577896118164,-0.07140113413333893,-0.10328222811222076,-0.0670814961194992,-0.07295658439397812,-0.09595944434404373,0.01
3,3.4313817326839153,3.4266939775659404,-0.12523463368415833,-0.12528161704540253,0.00580550218001008,-0.08815193921327591,-0.12769505381584167,0.03347780182957649,-0.060369061212986706,0.01
4,3.4313817711976857,3.426694139428095,0.0,0.0,0.0,0.0,0.0,0.0,0.0,0.01
5,3.4313821269915654,3.426694139428095,0.0,0.0,0.0,0.0,0.0,0.0,0.0,0.01
6,3.43138214808244,3.426694139428095,0.0,0.0,0.0,0.0,0.0,0.0,0.0,0.01
7,3.4313821609203634,3.426694139428095,0.0,0.0,0.0,0.0,0.0,0.0,0.0,0.01
