epoch,train_loss,val_loss,stage_sil,patient_sil_W,patient_sil_N1,patient_sil_N2,patient_sil_N3,patient_sil_R,avg_patient_sil,lr
1,3.4317005363794473,3.426691105606359,-0.10630214214324951,-0.1531890332698822,-0.021193917840719223,-0.09189306199550629,-0.0972822979092598,0.011893334798514843,-0.07033299524337053,0.001
2,3.4314044617689574,3.426687732749029,-0.10622021555900574,-0.15200269222259521,-0.020882226526737213,-0.09092725068330765,-0.0949307531118393,0.011828787624835968,-0.06938282698392868,0.001
3,3.4311759824936208,3.425935001548277,-0.05456537753343582,-0.11974357068538666,-0.0692499652504921,-0.034456636756658554,-0.04134584590792656,-0.04825803264975548,-0.06261081025004386,0.001
4,3.431169366836548,3.4255511695091876,-0.05551993101835251,-0.056029144674539566,-0.03149337321519852,-0.02163214609026909,-0.03170685097575188,-0.017254453152418137,-0.03162319362163544,0.001
5,3.4310274096635673,3.4246801630072636,-0.06501346081495285,-0.13312996923923492,-0.07792513817548752,-0.05115502327680588,-0.05843418091535568,-0.05213014781475067,-0.07455489188432693,0.001
6,3.430830718920781,3.424664479876877,-0.0544450581073761,-0.1202419102191925,-0.09521586447954178,-0.050004780292510986,-0.06379695981740952,-0.07497374713420868,-0.08084665238857269,0.001
7,3.4306209137806527,3.4202864432553635,-0.08085399866104126,-0.0775211900472641,-0.03048659861087799,-0.03997940942645073,-0.06847342848777771,-0.023793533444404602,-0.048050832003355026,0.001
