epoch,train_loss,val_loss,stage_sil,patient_sil_W,patient_sil_N1,patient_sil_N2,patient_sil_N3,patient_sil_R,avg_patient_sil,lr
1,3.431699265425022,3.426693785081216,-0.05679331719875336,-0.07060804218053818,-0.043533697724342346,-0.0758894681930542,-0.08234740793704987,-0.06052427366375923,-0.06658057793974877,0.001
2,3.4315217508719518,3.426692138024426,-0.056608110666275024,-0.07106492668390274,-0.043287243694067,-0.07567555457353592,-0.08313698321580887,-0.06099018454551697,-0.0668309785425663,0.001
3,3.43144362614705,3.4266073944371773,-0.04265555739402771,-0.059556107968091965,-0.024854201823472977,-0.04985332116484642,-0.06260976195335388,-0.040941983461380005,-0.04756307527422905,0.001
4,3.431375596614984,3.4266437303035633,-0.043494898825883865,-0.06626991927623749,-0.025914963334798813,-0.07209233194589615,-0.0408097505569458,-0.042134352028369904,-0.04944426342844963,0.001
5,3.431333848146292,3.426554513633798,-0.03585025668144226,-0.06044315546751022,-0.025123832747340202,-0.06587179750204086,-0.032523397356271744,-0.04496518149971962,-0.04578547291457653,0.001
6,3.4314002614754897,3.4266437696754384,-0.037694334983825684,-0.06134187430143356,-0.03199690207839012,-0.07557030022144318,-0.0416049025952816,-0.05353798344731331,-0.05281039252877236,0.001
7,3.4313421776661506,3.426395893096924,-0.04386960715055466,-0.07604388147592545,-0.02386932447552681,-0.05527040734887123,-0.048876505345106125,-0.03186778351664543,-0.04718558043241501,0.001
8,3.4314091297296376,3.426649439225503,-0.03962104022502899,-0.06266967952251434,-0.030844302847981453,-0.06974068284034729,-0.045461542904376984,-0.04877818003296852,-0.051498877629637715,0.001
