epoch,train_loss,val_loss,stage_sil,patient_sil_W,patient_sil_N1,patient_sil_N2,patient_sil_N3,patient_sil_R,avg_patient_sil,lr
1,3.4332463195690743,3.4266904690943725,-0.10455137491226196,-0.15622377395629883,-0.008724587969481945,-0.11150139570236206,-0.07663805037736893,-0.009720618836581707,-0.0725616853684187,0.001
2,3.4314988379295057,3.4265792216729682,-0.1022140309214592,-0.15953683853149414,-0.005491242278367281,-0.11282860487699509,-0.07230530679225922,-0.003500525373965502,-0.07073250357061625,0.001
3,3.431416697685535,3.4253742148023134,-0.06783477216959,-0.08900940418243408,0.030089417472481728,-0.05737082660198212,-0.05432489141821861,0.011679153889417648,-0.031787310168147086,0.001
4,3.431460337455456,3.42458447403864,-0.07461664825677872,-0.06939951330423355,0.03898325189948082,-0.05803801864385605,-0.06365149468183517,-0.002878063591197133,-0.03099676766432822,0.001
5,3.431301015615463,3.424593940787359,-0.05637373775243759,-0.11909343302249908,0.01193864457309246,-0.08325587213039398,-0.06636901199817657,-0.04301048815250397,-0.05995803214609623,0.001
6,3.4313725925408876,3.4231671324563684,-0.06068067252635956,-0.10478896647691727,0.030186807736754417,-0.08216610550880432,-0.05996858701109886,-0.008037840016186237,-0.04495493825525045,0.001
7,3.4313357289020834,3.425332589980659,-0.06723925471305847,-0.0688403770327568,0.024220004677772522,-0.06480435281991959,-0.06500233709812164,-0.0044135418720543385,-0.03576812082901597,0.001
