epoch,train_loss,val_loss,stage_sil,patient_sil_W,patient_sil_N1,patient_sil_N2,patient_sil_N3,patient_sil_R,avg_patient_sil,lr
1,3.431789865402075,3.4266932207510012,-0.106540247797966,-0.15298742055892944,-0.021167244762182236,-0.09176802635192871,-0.0971263125538826,0.012023181654512882,-0.07020516451448203,0.001
2,3.431330901384354,3.426641179880965,-0.10319317877292633,-0.1457585096359253,-0.022291770204901695,-0.08172963559627533,-0.08630261570215225,0.009751503355801105,-0.06526620555669069,0.001
3,3.4312139987945556,3.425559234181675,-0.057253822684288025,-0.0935199037194252,-0.03738301619887352,-0.023253200575709343,-0.033098407089710236,-0.011888595297932625,-0.039828624576330185,0.001
4,3.4311862830932323,3.425557549940337,-0.0474410317838192,-0.11190599203109741,-0.08893074840307236,-0.02517847903072834,-0.0294352900236845,-0.06075161695480347,-0.06324042528867721,0.001
5,3.4310071546297807,3.4232744251916167,-0.060208603739738464,-0.12481007725000381,-0.08550302684307098,-0.044451408088207245,-0.05427141487598419,-0.062025152146816254,-0.0742122158408165,0.001
6,3.4306936878424423,3.4220453380444726,-0.07358761131763458,-0.06396003067493439,-0.027911586686968803,-0.03383966162800789,-0.0528569296002388,-0.020903969183564186,-0.03989443555474281,0.001
