epoch,train_loss,val_loss,stage_sil,patient_sil_W,patient_sil_N1,patient_sil_N2,patient_sil_N3,patient_sil_R,avg_patient_sil,lr
1,3.431532730964514,3.4266935925964916,-0.05981525406241417,-0.18079477548599243,-0.1029849424958229,-0.04224083945155144,-0.08485627174377441,-0.08453209698200226,-0.09908178523182869,0.01
2,3.4313822778371663,3.426694139428095,-0.13135036826133728,-0.09940285980701447,-0.09495384246110916,-0.04996780306100845,-0.08768098056316376,-0.05007040500640869,-0.0764151781797409,0.01
3,3.4313817927470573,3.426694139428095,-5.58072272838217e-08,0.0,0.0,-2.5783142731938824e-08,0.0,0.0,-2.5783142731938824e-08,0.01
4,3.4313821508334232,3.426694139428095,0.0,0.0,0.0,0.0,0.0,0.0,0.0,0.01
5,3.431382159086374,3.426694139428095,0.0,0.0,0.0,0.0,0.0,0.0,0.0,0.01
6,3.43138214808244,3.426694139428095,0.0,0.0,0.0,0.0,0.0,0.0,0.0,0.01
7,3.4313821609203634,3.426694139428095,0.0,0.0,0.0,0.0,0.0,0.0,0.0,0.01
