epoch,train_loss,val_loss,stage_sil,patient_sil_W,patient_sil_N1,patient_sil_N2,patient_sil_N3,patient_sil_R,avg_patient_sil,lr
1,3.431677602346127,3.426670098523481,-0.10098566114902496,-0.11209706217050552,-0.009099112823605537,-0.08065924793481827,-0.09062133729457855,0.02012580633163452,-0.05447019077837467,0.01
2,3.4314189420296595,3.4266921773963017,-0.07731323689222336,-0.14928358793258667,-0.024108462035655975,-0.08828189224004745,-0.09378239512443542,-0.00229681096971035,-0.07155062966048717,0.01
3,3.431383261313805,3.4266935554119424,-0.10205195844173431,-0.15906861424446106,-0.01953967474400997,-0.09937596321105957,-0.10637327283620834,0.008233361877501011,-0.07522483263164759,0.01
4,3.431382067845418,3.4266941372407684,-0.087055504322052,-0.08878904581069946,-0.1329500526189804,-0.13413695991039276,-0.33765336871147156,-0.15493687987327576,-0.169693261384964,0.01
