epoch,train_loss,val_loss,stage_sil,patient_sil_W,patient_sil_N1,patient_sil_N2,patient_sil_N3,patient_sil_R,avg_patient_sil,lr
1,3.432223955484537,3.4266919499143547,-0.05654998496174812,-0.07113324105739594,-0.043404318392276764,-0.07558085769414902,-0.08371632546186447,-0.06120474264025688,-0.06700789704918861,0.001
2,3.4314965188503264,3.426689023271613,-0.056764066219329834,-0.07115907967090607,-0.04270894452929497,-0.07553321868181229,-0.08186693489551544,-0.06089140847325325,-0.0664319172501564,0.001
3,3.431477112036485,3.4262404857425515,-0.05395914614200592,-0.07497868686914444,-0.04407517984509468,-0.05693572759628296,-0.0720340833067894,-0.06948348134756088,-0.06350143179297447,0.001
4,3.431371383025096,3.4262988042393956,-0.032624974846839905,-0.06405336409807205,-0.0209941565990448,-0.04131234809756279,-0.040797214955091476,-0.02922450378537178,-0.03927631750702858,0.001
5,3.431462519443952,3.4266001806346646,-0.041870687156915665,-0.06175022944808006,-0.025928454473614693,-0.07113626599311829,-0.027399811893701553,-0.04629591852426529,-0.046502136066555975,0.001
6,3.431362307071686,3.4265987238752733,-0.037848763167858124,-0.05450969561934471,-0.02535858005285263,-0.06630586087703705,-0.021720409393310547,-0.04849691316485405,-0.0432782918214798,0.001
7,3.4314233312240012,3.4264971619352287,-0.03951208293437958,-0.06421584635972977,-0.016030576080083847,-0.052462369203567505,-0.04371116682887077,-0.027279864996671677,-0.040739964693784714,0.001
