epoch,train_loss,val_loss,stage_sil,patient_sil_W,patient_sil_N1,patient_sil_N2,patient_sil_N3,patient_sil_R,avg_patient_sil,lr
1,3.43271054487962,3.4266931113846804,-0.10643521696329117,-0.15334570407867432,-0.021104013547301292,-0.09234171360731125,-0.09765952080488205,0.011936905793845654,-0.07050280924886465,0.001
2,3.4313902978713697,3.4265881306534514,-0.10499238967895508,-0.14868877828121185,-0.02139679528772831,-0.08733981102705002,-0.09193404763936996,0.012553934939205647,-0.0673610994592309,0.001
3,3.4312954114033625,3.425138081979314,-0.04626315459609032,-0.10934334993362427,-0.06324294954538345,-0.029149938374757767,-0.026526406407356262,-0.04567365720868111,-0.05478726029396057,0.001
4,3.431150110868307,3.4244896031300955,-0.04805654659867287,-0.08601381629705429,-0.05244580656290054,-0.02101714164018631,-0.02647876925766468,-0.02958790771663189,-0.043108688294887544,0.001
5,3.4310212075710296,3.423133014538966,-0.048527784645557404,-0.10121386498212814,-0.08339595049619675,-0.031008565798401833,-0.035189978778362274,-0.05881739407777786,-0.06192515082657337,0.001
6,3.4309250153028046,3.4230863698031926,-0.0537557415664196,-0.14154298603534698,-0.10181545466184616,-0.0527694970369339,-0.062226422131061554,-0.07037129998207092,-0.08574513196945191,0.001
7,3.430647572187277,3.4215729477208687,-0.057015154510736465,-0.10912066698074341,-0.07469465583562851,-0.044610701501369476,-0.051175981760025024,-0.05026259273290634,-0.06597291976213455,0.001
