epoch,train_loss,val_loss,stage_sil,patient_sil_W,patient_sil_N1,patient_sil_N2,patient_sil_N3,patient_sil_R,avg_patient_sil,lr
1,3.4317860213609843,3.4266488136501487,-0.07047488540410995,-0.17738452553749084,-0.06770021468400955,-0.09475258737802505,-0.08599124103784561,-0.08370490372180939,-0.10190669447183609,0.01
2,3.4314092393104847,3.4266870831130842,-0.09419308602809906,-0.15898337960243225,-0.020799852907657623,-0.10008837282657623,-0.10658353567123413,0.0105978948995471,-0.07517144922167063,0.01
3,3.431388771075469,3.4266937194614235,-0.0834818035364151,-0.17206540703773499,-0.03040705807507038,-0.10430290549993515,-0.11499937623739243,-0.02286829613149166,-0.08892860859632493,0.01
4,3.4313831315590786,3.426693712899444,-0.10476472973823547,-0.11212020367383957,-0.018852224573493004,-0.07399215549230576,-0.08283765614032745,-0.0009116996661759913,-0.057742787909228356,0.01
5,3.43138175881826,3.426694139428095,0.0,0.0,0.0,0.0,0.0,0.0,0.0,0.01
6,3.431382155418396,3.426694139428095,0.0,0.0,0.0,0.0,0.0,0.0,0.0,0.01
7,3.431382155418396,3.426694139428095,0.0,0.0,0.0,0.0,0.0,0.0,0.0,0.01
8,3.431382163671347,3.426694139428095,0.0,0.0,0.0,0.0,0.0,0.0,0.0,0.01
