epoch,train_loss,val_loss,stage_sil,patient_sil_W,patient_sil_N1,patient_sil_N2,patient_sil_N3,patient_sil_R,avg_patient_sil,lr
1,3.432139049585049,3.4266910706091362,-0.10639730840921402,-0.15324142575263977,-0.021106936037540436,-0.09220082312822342,-0.09736987203359604,0.011976297944784164,-0.0703885518014431,0.001
2,3.4313353543098155,3.42667552746764,-0.10514398664236069,-0.1553371399641037,-0.02110758237540722,-0.09407155960798264,-0.09798458963632584,0.010161159560084343,-0.07166794240474701,0.001
3,3.431159966267072,3.425569339629707,-0.05474434047937393,-0.07103362679481506,-0.04824737086892128,-0.020889438688755035,-0.030490364879369736,-0.032145317643880844,-0.04056122377514839,0.001
4,3.4310362031826607,3.423801566482684,-0.05448044463992119,-0.07857942581176758,-0.05192079395055771,-0.02933567203581333,-0.037705957889556885,-0.03227177634835243,-0.045962725207209586,0.001
5,3.430826819401521,3.422926198451891,-0.05901418626308441,-0.1151946410536766,-0.08013704419136047,-0.04438644275069237,-0.050795651972293854,-0.05359929800033569,-0.0688226155936718,0.001
6,3.430733334559661,3.424312637486589,-0.051319021731615067,-0.13777941465377808,-0.10692590475082397,-0.05035815015435219,-0.05884404480457306,-0.07478299736976624,-0.08573810234665871,0.001
