epoch,train_loss,val_loss,stage_sil,patient_sil_W,patient_sil_N1,patient_sil_N2,patient_sil_N3,patient_sil_R,avg_patient_sil,lr
1,3.431585622750796,3.4266937566459728,-0.05676289275288582,-0.07071790099143982,-0.04352571442723274,-0.07584509998559952,-0.08261151611804962,-0.06067188084125519,-0.06667442247271538,0.001
2,3.43144949903855,3.4266853376266058,-0.056480247527360916,-0.06964439898729324,-0.04246582090854645,-0.07484594732522964,-0.0770387277007103,-0.05941575765609741,-0.0646821305155754,0.001
3,3.4313831448554994,3.4266594046846444,-0.0533490888774395,-0.06987351179122925,-0.03767954558134079,-0.06910399347543716,-0.0665062665939331,-0.05877874046564102,-0.06038841158151627,0.001
4,3.431418990171873,3.426577736478333,-0.035135768353939056,-0.06482038646936417,-0.019556112587451935,-0.05603351444005966,-0.030040400102734566,-0.03711932525038719,-0.041513947769999504,0.001
5,3.431418899847911,3.426678031956384,-0.03816940262913704,-0.06415264308452606,-0.029386945068836212,-0.07251057773828506,-0.03114463947713375,-0.05281152203679085,-0.05000126548111439,0.001
6,3.4314108743117404,3.4266741297660617,-0.045324113219976425,-0.062358979135751724,-0.021711302921175957,-0.06412424892187119,-0.039590008556842804,-0.038687460124492645,-0.045294399932026864,0.001
7,3.431375752504055,3.4266901366207576,-0.053896550089120865,-0.07741836458444595,-0.03113429807126522,-0.07759662717580795,-0.05122729763388634,-0.051168523728847504,-0.05770902223885059,0.001
