epoch,train_loss,val_loss,stage_sil,patient_sil_W,patient_sil_N1,patient_sil_N2,patient_sil_N3,patient_sil_R,avg_patient_sil,lr
1,3.4316817994301134,3.4266473590780837,-0.07211757451295853,-0.21841910481452942,-0.08197648823261261,-0.10254225134849548,-0.06173761188983917,-0.08445445448160172,-0.10982598215341569,0.01
2,3.431408856006769,3.426693704150139,-0.08649022877216339,-0.1584930419921875,-0.022988082841038704,-0.07928211987018585,-0.04973131790757179,0.018696557730436325,-0.0583596009761095,0.01
3,3.4313818170474124,3.4266937282107293,-0.05668286979198456,-0.09046431630849838,-0.006938443053513765,-0.030710414052009583,-0.053286291658878326,-0.014422948472201824,-0.03916448270902038,0.01
4,3.431381727181948,3.426694139428095,-0.0011217440478503704,-0.0016115165781229734,-0.0013377403374761343,-0.0012771344045177102,0.0,-0.001656350097618997,-0.0014706853544339538,0.01
5,3.4313820618849533,3.426694139428095,0.0,0.0,0.0,0.0,0.0,0.0,0.0,0.01
6,3.43138214808244,3.426694139428095,-5.58072272838217e-08,0.0,0.0,-2.5783142731938824e-08,0.0,0.0,-2.5783142731938824e-08,0.01
7,3.4313821609203634,3.426694139428095,0.0,0.0,0.0,0.0,0.0,0.0,0.0,0.01
8,3.431382153584407,3.426694139428095,-5.58072272838217e-08,0.0,0.0,-2.5783142731938824e-08,0.0,0.0,-2.5783142731938824e-08,0.01
